-- phpMyAdmin SQL Dump
-- version 5.0.3
-- https://www.phpmyadmin.net/
--
-- Host: 127.0.0.1
-- Generation Time: Apr 09, 2021 at 09:49 PM
-- Server version: 10.4.14-MariaDB
-- PHP Version: 7.2.34

SET SQL_MODE = "NO_AUTO_VALUE_ON_ZERO";
START TRANSACTION;
SET time_zone = "+00:00";


/*!40101 SET @OLD_CHARACTER_SET_CLIENT=@@CHARACTER_SET_CLIENT */;
/*!40101 SET @OLD_CHARACTER_SET_RESULTS=@@CHARACTER_SET_RESULTS */;
/*!40101 SET @OLD_COLLATION_CONNECTION=@@COLLATION_CONNECTION */;
/*!40101 SET NAMES utf8mb4 */;

--
-- Database: `navipuntos`
--

-- --------------------------------------------------------

--
-- Table structure for table `actividad`
--

CREATE TABLE `actividad` (
  `idActividad` int(11) NOT NULL,
  `idTipoActividad` int(11) DEFAULT NULL
) ENGINE=InnoDB DEFAULT CHARSET=utf8 COLLATE=utf8_bin;

--
-- Dumping data for table `actividad`
--

INSERT INTO `actividad` (`idActividad`, `idTipoActividad`) VALUES
(1, 1),
(5, 1),
(2, 2),
(3, 3),
(4, 4);

-- --------------------------------------------------------

--
-- Table structure for table `actividadesfinalizadas`
--

CREATE TABLE `actividadesfinalizadas` (
  `idActividadFinalizada` int(11) NOT NULL,
  `idUsuarioActividad` int(11) DEFAULT NULL,
  `estado` varchar(50) COLLATE utf8_bin DEFAULT NULL,
  `puntos` int(11) DEFAULT NULL
) ENGINE=InnoDB DEFAULT CHARSET=utf8 COLLATE=utf8_bin;

--
-- Dumping data for table `actividadesfinalizadas`
--

INSERT INTO `actividadesfinalizadas` (`idActividadFinalizada`, `idUsuarioActividad`, `estado`, `puntos`) VALUES
(341, 1295, 'No Completado', 0),
(342, 1291, 'No Completado', 0),
(343, 1299, 'No Completado', 0),
(344, 1303, 'No Completado', 0),
(345, 1307, 'No Completado', 0),
(346, 1311, 'No Completado', 0),
(347, 1290, 'Completado', 1000),
(348, 1292, 'No Completado', 0),
(349, 1292, 'No Completado', 0),
(350, 1292, 'No Completado', 0),
(351, 1292, 'No Completado', 0),
(352, 1313, 'Completado', 1000),
(353, 1296, 'No Completado', 0),
(354, 1296, 'No Completado', 0),
(355, 1296, 'No Completado', 0),
(356, 1296, 'No Completado', 0),
(357, 1296, 'No Completado', 0),
(358, 1626, 'Completado', 1000),
(359, 1627, 'No Completado', 0),
(360, 1628, 'Completado', 1000),
(361, 1628, 'Completado', 1000),
(362, 1628, 'Completado', 1000),
(363, 1649, 'Completado', 1000),
(364, 1630, 'Completado', 1000),
(365, 1631, 'No Completado', 0),
(366, 1635, 'No Completado', 0),
(367, 1639, 'No Completado', 0),
(368, 1647, 'No Completado', 0),
(369, 1643, 'No Completado', 0),
(370, 1633, 'Completado', 1000),
(371, 1703, 'No Completado', 0),
(372, 1703, 'No Completado', 0),
(373, 1700, 'Completado', 1000),
(374, 1704, 'No Completado', 0),
(375, 1698, 'Completado', 1000),
(376, 1698, 'Completado', 1000),
(377, 1705, 'Completado', 1000),
(378, 1708, 'No Completado', 0),
(379, 1707, 'No Completado', 0),
(380, 1706, 'No Completado', 0),
(381, 1701, 'Completado', 1000),
(382, 1710, 'Completado', 1000),
(383, 1712, 'No Completado', 0),
(384, 1702, 'Completado', 1000),
(385, 1699, 'No Completado', 0),
(386, 1709, 'No Completado', 0),
(387, 1714, 'Completado', 1000),
(388, 1698, 'Completado', 1000),
(389, 1717, 'Completado', 1000),
(390, 1713, 'Completado', 1000),
(391, 1718, 'No Completado', 0),
(392, 1721, 'Completado', 1000),
(393, 1722, 'No Completado', 0),
(394, 1725, 'No Completado', 0),
(395, 1726, 'Completado', 1000),
(396, 1729, 'Completado', 1000),
(397, 1730, 'Completado', 1000),
(398, 1737, 'No Completado', 0),
(399, 1742, 'Completado', 1000),
(400, 1733, 'Completado', 1000),
(401, 1734, 'Completado', 1000),
(402, 1741, 'Completado', 1000),
(403, 1738, 'Completado', 1000),
(404, 1749, 'Completado', 1000),
(405, 1750, 'Completado', 1000),
(406, 1753, 'Completado', 1000),
(407, 1754, 'Completado', 1000),
(408, 1745, 'Completado', 1000),
(409, 1746, 'Completado', 1000),
(410, 1746, 'Completado', 1000),
(411, 1746, 'Completado', 1000),
(412, 1757, 'Completado', 1000),
(413, 1989, 'No Completado', 0),
(414, 1993, 'No Completado', 0),
(415, 1994, 'Completado', 1000),
(416, 1992, 'Completado', 1000),
(417, 1986, 'Completado', 1000),
(418, 2008, 'Completado', 1000);

-- --------------------------------------------------------

--
-- Table structure for table `catalogopremios`
--

CREATE TABLE `catalogopremios` (
  `idCatalogoPremio` int(11) NOT NULL,
  `nombrePremio` text COLLATE utf8_bin NOT NULL,
  `imagenPremio` varchar(100) COLLATE utf8_bin DEFAULT NULL,
  `totalPuntoPremio` int(11) DEFAULT NULL,
  `stock` int(11) DEFAULT NULL
) ENGINE=InnoDB DEFAULT CHARSET=utf8 COLLATE=utf8_bin;

--
-- Dumping data for table `catalogopremios`
--

INSERT INTO `catalogopremios` (`idCatalogoPremio`, `nombrePremio`, `imagenPremio`, `totalPuntoPremio`, `stock`) VALUES
(1, 'Asador', '/imgCatalogoPremio/asador.png', 18000, 5),
(2, 'Morral', '/imgCatalogoPremio/morral.png', 17000, 10),
(3, 'Silla Nevera', '/imgCatalogoPremio/sillaNevera.png', 16000, 0),
(4, 'Lonchera', '/imgCatalogoPremio/lonchera.png', 15000, 5),
(5, 'Kit BBQ Deluxe', '/imgCatalogoPremio/kitBQQDeluxe.png', 12000, 10),
(6, 'Speaker Bluetooth', '/imgCatalogoPremio/speakerBluetooth.png', 11000, 10),
(7, 'Kit BBQ', '/imgCatalogoPremio/kitBQQ.png', 10000, 10),
(8, 'Mini set herramientas', '/imgCatalogoPremio/minSetHerramientas.png', 9000, 20),
(9, 'Set herramientas', '/imgCatalogoPremio/setHeramientas.png', 9000, 20),
(10, 'Canguro', '/imgCatalogoPremio/canguro.png', 8000, 20),
(11, 'Navaja multiusos', '/imgCatalogoPremio/navajaMultiusos.png', 7000, 20),
(12, 'Neceser', '/imgCatalogoPremio/neccesarie.png', 5000, 20),
(13, 'Portacomidas', '/imgCatalogoPremio/portaComidas.png', 4000, 25),
(14, 'Esferos', '/imgCatalogoPremio/esfero.png', 1000, 50),
(15, 'Botilitos', '/imgCatalogoPremio/asador.png', 1000, 0),
(16, 'Cachuchas', '/imgCatalogoPremio/cachuchas.png', 1000, 50),
(17, 'Domino', '/imgCatalogoPremio/domino.png', 1000, 50),
(18, 'Navaja', '/imgCatalogoPremio/navaja.png', 1000, 50),
(19, 'Alcancia', '/imgCatalogoPremio/alcancia.png', 1000, 50),
(20, 'Mini set Herramientas', '/imgCatalogoPremio/miniSetHerramientas.png', 1000, 50),
(21, 'Linterna', '/imgCatalogoPremio/linterna.png', 1000, 50);

-- --------------------------------------------------------

--
-- Table structure for table `imagenactividad`
--

CREATE TABLE `imagenactividad` (
  `idImagenActividad` int(11) NOT NULL,
  `idActividad` int(11) DEFAULT NULL,
  `pista` varchar(100) COLLATE utf8_bin DEFAULT NULL,
  `trivia` varchar(100) COLLATE utf8_bin DEFAULT NULL,
  `respuesta` int(11) DEFAULT NULL,
  `imagenRespuesta` varchar(100) COLLATE utf8_bin DEFAULT NULL
) ENGINE=InnoDB DEFAULT CHARSET=utf8 COLLATE=utf8_bin;

--
-- Dumping data for table `imagenactividad`
--

INSERT INTO `imagenactividad` (`idImagenActividad`, `idActividad`, `pista`, `trivia`, `respuesta`, `imagenRespuesta`) VALUES
(1, 3, 'actividades/trivia/pistas/pistaA.png', 'actividades/trivia/valores/triviaA.png', 12, 'actividades/trivia/respuesta/respuestaA.png'),
(2, 3, 'actividades/trivia/pistas/pistaB.png', 'actividades/trivia/valores/triviaB.png', 2, 'actividades/trivia/respuesta/respuestaB.png'),
(3, 3, 'actividades/trivia/pistas/pistaC.png', 'actividades/trivia/valores/triviaC.png', 14, 'actividades/trivia/respuesta/respuestaC.png'),
(4, 3, 'actividades/trivia/pistas/pistaD.png', 'actividades/trivia/valores/triviaD.png', 3, 'actividades/trivia/respuesta/respuestaD.png'),
(5, 3, 'actividades/trivia/pistas/pistaE.png', 'actividades/trivia/valores/triviaE.png', 145, 'actividades/trivia/respuesta/respuestaE.png');

-- --------------------------------------------------------

--
-- Table structure for table `imagenpuzzle`
--

CREATE TABLE `imagenpuzzle` (
  `idImagenPuzzle` int(11) NOT NULL,
  `idActividad` int(11) DEFAULT NULL,
  `tipoPuzzle` varchar(10) COLLATE utf8_bin DEFAULT NULL,
  `rutaImagen` varchar(100) COLLATE utf8_bin DEFAULT NULL
) ENGINE=InnoDB DEFAULT CHARSET=utf8 COLLATE=utf8_bin;

--
-- Dumping data for table `imagenpuzzle`
--

INSERT INTO `imagenpuzzle` (`idImagenPuzzle`, `idActividad`, `tipoPuzzle`, `rutaImagen`) VALUES
(1, 2, 'puzzle1', 'actividades/puzzles/puzzle1/parte1.png'),
(2, 2, 'puzzle1', 'actividades/puzzles/puzzle1/parte2.png'),
(3, 2, 'puzzle1', 'actividades/puzzles/puzzle1/parte3.png'),
(4, 2, 'puzzle1', 'actividades/puzzles/puzzle1/parte4.png'),
(5, 2, 'puzzle1', 'actividades/puzzles/puzzle1/parte5.png'),
(6, 2, 'puzzle1', 'actividades/puzzles/puzzle1/parte6.png'),
(7, 2, 'puzzle1', 'actividades/puzzles/puzzle1/parte7.png'),
(8, 2, 'puzzle1', 'actividades/puzzles/puzzle1/parte8.png'),
(9, 2, 'puzzle1', 'actividades/puzzles/puzzle1/parte9.png'),
(10, 2, 'puzzle1', 'actividades/puzzles/puzzle1/parte10.png'),
(11, 2, 'puzzle1', 'actividades/puzzles/puzzle1/parte11.png'),
(12, 2, 'puzzle1', 'actividades/puzzles/puzzle1/parte12.png'),
(13, 2, 'puzzle1', 'actividades/puzzles/puzzle1/parte13.png'),
(14, 2, 'puzzle1', 'actividades/puzzles/puzzle1/parte14.png'),
(15, 2, 'puzzle1', 'actividades/puzzles/puzzle1/parte15.png'),
(16, 2, 'puzzle2', 'actividades/puzzles/puzzle2/parte1.png'),
(17, 2, 'puzzle2', 'actividades/puzzles/puzzle2/parte2.png'),
(18, 2, 'puzzle2', 'actividades/puzzles/puzzle2/parte3.png'),
(19, 2, 'puzzle2', 'actividades/puzzles/puzzle2/parte4.png'),
(20, 2, 'puzzle2', 'actividades/puzzles/puzzle2/parte5.png'),
(21, 2, 'puzzle2', 'actividades/puzzles/puzzle2/parte6.png'),
(22, 2, 'puzzle2', 'actividades/puzzles/puzzle2/parte7.png'),
(23, 2, 'puzzle2', 'actividades/puzzles/puzzle2/parte8.png'),
(24, 2, 'puzzle2', 'actividades/puzzles/puzzle2/parte9.png'),
(25, 2, 'puzzle2', 'actividades/puzzles/puzzle2/parte10.png'),
(26, 2, 'puzzle2', 'actividades/puzzles/puzzle2/parte11.png'),
(27, 2, 'puzzle2', 'actividades/puzzles/puzzle2/parte12.png'),
(28, 2, 'puzzle2', 'actividades/puzzles/puzzle2/parte13.png'),
(29, 2, 'puzzle2', 'actividades/puzzles/puzzle2/parte14.png'),
(30, 2, 'puzzle2', 'actividades/puzzles/puzzle2/parte15.png'),
(32, 2, 'puzzle3', 'actividades/puzzles/puzzle3/parte1.png'),
(33, 2, 'puzzle3', 'actividades/puzzles/puzzle3/parte2.png'),
(34, 2, 'puzzle3', 'actividades/puzzles/puzzle3/parte3.png'),
(35, 2, 'puzzle3', 'actividades/puzzles/puzzle3/parte4.png'),
(36, 2, 'puzzle3', 'actividades/puzzles/puzzle3/parte5.png'),
(37, 2, 'puzzle3', 'actividades/puzzles/puzzle3/parte6.png'),
(38, 2, 'puzzle3', 'actividades/puzzles/puzzle3/parte7.png'),
(39, 2, 'puzzle3', 'actividades/puzzles/puzzle3/parte8.png'),
(40, 2, 'puzzle3', 'actividades/puzzles/puzzle3/parte9.png'),
(41, 2, 'puzzle3', 'actividades/puzzles/puzzle3/parte10.png'),
(42, 2, 'puzzle3', 'actividades/puzzles/puzzle3/parte11.png'),
(43, 2, 'puzzle3', 'actividades/puzzles/puzzle3/parte12.png'),
(44, 2, 'puzzle3', 'actividades/puzzles/puzzle3/parte13.png'),
(45, 2, 'puzzle3', 'actividades/puzzles/puzzle3/parte14.png'),
(46, 2, 'puzzle3', 'actividades/puzzles/puzzle3/parte15.png');

-- --------------------------------------------------------

--
-- Table structure for table `palabraactividad`
--

CREATE TABLE `palabraactividad` (
  `idPalabraActividad` int(11) NOT NULL,
  `idActividad` int(11) DEFAULT NULL,
  `palabra` varchar(40) COLLATE utf8_bin DEFAULT NULL,
  `imagenAhorcado` varchar(100) COLLATE utf8_bin DEFAULT NULL
) ENGINE=InnoDB DEFAULT CHARSET=utf8 COLLATE=utf8_bin;

--
-- Dumping data for table `palabraactividad`
--

INSERT INTO `palabraactividad` (`idPalabraActividad`, `idActividad`, `palabra`, `imagenAhorcado`) VALUES
(1, 1, 'mortiño', 'actividades/fotoAhorcado/mortino.png'),
(2, 1, 'bicho', 'actividades/fotoAhorcado/bicho.png'),
(3, 1, 'dormidera', 'actividades/fotoAhorcado/dormidera.png'),
(4, 1, 'algodoncillo', 'actividades/fotoAhorcado/algodoncillo.png'),
(5, 1, 'navius', 'actividades/fotoAhorcado/navius.png'),
(6, 1, 'navius', 'actividades/fotoAhorcado/navius2.png'),
(7, 1, 'malezas', 'actividades/fotoAhorcado/malezas2.png');

-- --------------------------------------------------------

--
-- Table structure for table `preguntaseleccionmultiple`
--

CREATE TABLE `preguntaseleccionmultiple` (
  `idPregunta` int(11) NOT NULL,
  `idActividad` int(11) DEFAULT NULL,
  `pregunta` varchar(100) COLLATE utf8_bin DEFAULT NULL
) ENGINE=InnoDB DEFAULT CHARSET=utf8 COLLATE=utf8_bin;

--
-- Dumping data for table `preguntaseleccionmultiple`
--

INSERT INTO `preguntaseleccionmultiple` (`idPregunta`, `idActividad`, `pregunta`) VALUES
(1, 4, 'actividades/preguntas/Pregunta2Respuestas/pregunta1.png'),
(2, 4, 'actividades/preguntas/Pregunta2Respuestas/pregunta2.png'),
(3, 4, 'actividades/preguntas/Pregunta2Respuestas/pregunta3.png'),
(4, 4, 'actividades/preguntas/Pregunta2Respuestas/pregunta4.png'),
(5, 4, 'actividades/preguntas/Pregunta2Respuestas/pregunta5.png'),
(6, 4, 'actividades/preguntas/preguntasRespuestaMulti/pregunta1.png'),
(7, 4, 'actividades/preguntas/preguntasRespuestaMulti/pregunta2.png'),
(8, 4, 'actividades/preguntas/preguntasRespuestaMulti/pregunta3.png'),
(9, 4, 'actividades/preguntas/preguntasRespuestaMulti/pregunta4.png'),
(10, 4, 'actividades/preguntas/preguntasRespuestaMulti/pregunta5.png');

-- --------------------------------------------------------

--
-- Table structure for table `puntostotalesusuario`
--

CREATE TABLE `puntostotalesusuario` (
  `idPuntosUsuario` int(11) NOT NULL,
  `idUsuario` int(11) DEFAULT NULL,
  `puntosTotales` int(11) DEFAULT NULL
) ENGINE=InnoDB DEFAULT CHARSET=utf8 COLLATE=utf8_bin;

-- --------------------------------------------------------

--
-- Table structure for table `respuestapregunta`
--

CREATE TABLE `respuestapregunta` (
  `idRespuesta` int(11) NOT NULL,
  `idPregunta` int(11) NOT NULL,
  `respuestaPregunta` varchar(100) COLLATE utf8_bin DEFAULT NULL,
  `correcta` tinyint(1) DEFAULT NULL
) ENGINE=InnoDB DEFAULT CHARSET=utf8 COLLATE=utf8_bin;

--
-- Dumping data for table `respuestapregunta`
--

INSERT INTO `respuestapregunta` (`idRespuesta`, `idPregunta`, `respuestaPregunta`, `correcta`) VALUES
(1, 1, '250 gramos', 0),
(2, 1, '500 gramos ', 1),
(3, 2, 'Azul Categoría B', 1),
(4, 2, 'Rojo Categoría X', 0),
(5, 3, 'Con otros productos', 0),
(6, 3, 'Agua', 1),
(7, 4, 'Rezar', 0),
(8, 4, 'Navius®', 1),
(9, 5, 'No', 0),
(10, 5, 'Si', 1),
(11, 6, '1', 0),
(12, 6, '5', 0),
(13, 6, '2', 1),
(14, 6, 'Ninguno', 0),
(15, 7, 'Un mejor olor', 0),
(16, 7, 'Suelo compactado', 0),
(17, 7, 'Un verde más intenso', 0),
(18, 7, 'Menos rebrote de malezas', 1),
(19, 8, 'Bicho', 0),
(20, 8, 'Algodoncillo', 0),
(21, 8, 'Mortiño', 0),
(22, 8, 'Todas las anteriores', 1),
(23, 9, 'Carne y leche', 0),
(24, 9, 'Tiempo y mano de obra', 1),
(25, 9, 'Abono', 0),
(26, 9, 'Sembrado', 0),
(27, 10, '2,4D amina', 0),
(28, 10, 'Navius®', 1),
(29, 10, 'CombatranXT™', 0);

-- --------------------------------------------------------

--
-- Table structure for table `tipoactividad`
--

CREATE TABLE `tipoactividad` (
  `idTipoActividad` int(11) NOT NULL,
  `nombreTipoActividad` varchar(100) COLLATE utf8_bin DEFAULT NULL
) ENGINE=InnoDB DEFAULT CHARSET=utf8 COLLATE=utf8_bin;

--
-- Dumping data for table `tipoactividad`
--

INSERT INTO `tipoactividad` (`idTipoActividad`, `nombreTipoActividad`) VALUES
(1, 'Ahorcado'),
(2, 'Puzzle'),
(3, 'Adivinanza'),
(4, 'Preguntas');

-- --------------------------------------------------------

--
-- Table structure for table `usuario`
--

CREATE TABLE `usuario` (
  `idUsuario` int(11) NOT NULL,
  `cedulaUsuario` varchar(20) COLLATE utf8_bin NOT NULL,
  `nombreUsuario` varchar(100) COLLATE utf8_bin DEFAULT NULL,
  `telefonoUsuario` varchar(12) COLLATE utf8_bin DEFAULT NULL,
  `emailUsuario` varchar(100) COLLATE utf8_bin DEFAULT NULL,
  `passwordUsuario` text COLLATE utf8_bin DEFAULT NULL,
  `estadoSesionUsuario` tinyint(1) DEFAULT NULL
) ENGINE=InnoDB DEFAULT CHARSET=utf8 COLLATE=utf8_bin;

--
-- Dumping data for table `usuario`
--

INSERT INTO `usuario` (`idUsuario`, `cedulaUsuario`, `nombreUsuario`, `telefonoUsuario`, `emailUsuario`, `passwordUsuario`, `estadoSesionUsuario`) VALUES
(3, '132456987', 'naviPuntos', '3128524132', 'navipuntos@mail.com', '1234qwer', 0),
(4, '1061809682', 'Leonardo Sánchez ', '3153356125', 'leansanchez14@gmail.com', '123456', 0),
(5, '78654324', 'Andrés carrasquilla ', '3168242602', 'joansanchezc@gmail.com', '123456', 0),
(6, '1234567890', 'Miguel', '3218524132', 'miguel@mail.com', '1234qwer', 1),
(7, '1061809628', 'Leonardo Andrés Sánchez Orozco ', '3218524132', 'leansanchez@gmail.com', '7ndre4an', 0),
(8, '12365448', 'Leonardo Andrés Sánchez Orozco ', '3154268524', 'leansanchez14@gmail.com', '1234rewq', 0),
(9, '123654852', 'Angie Luzday Erazo ', '3183186356', 'aleb@mail.com', '1234rewq', 0),
(10, '321654852', 'Julian Andres Charfuelan', '3218524132', 'juana@mail.com', '1234rewq', 0),
(11, '106283461', 'Juan José', '321456852', 'jjtoti@gmail.com', '1234rewq', 0),
(12, '123654789', 'Andrés Sánchez ', '123654789', 'andres@mail.com', '1234qwer', 0),
(15, '1236654', 'Catalina ', '321556454', 'catalina@mail.com', '1234rewq', 0),
(16, '123654', 'David', '1236548', 'david@mail.com', '1234rewq', 0),
(17, '123654785', 'Maicol', '321456987', 'maicol@mail.com', '1234rewq', 0),
(18, '1061805852', 'Juan Manuel García Márquez ', '3218524136', 'juanmarqz@mail.com', '12345trewq', 0),
(19, '76123658', 'José Luis García ', '3152787575', 'josegracia12@gmail.com', 'mscrea1234', 0),
(20, '79856472', 'Jose Méndez ', '31023265654', 'josemendez@mscrea.com', '123456789', 1),
(21, '1010185675', 'Laura', '4157702243', 'lauracortes@mscrea.com', 'Diseno10', 1),
(22, '1010185676', 'Laura', '4157702243', 'lauracortes@mscrea.com', 'Diseno10', 1),
(23, '1019106347', 'Alejandra', '3043788047', 'alejandrabossio@mscrea.com', 'alejandra2021', 1),
(24, '10617507373', 'Rafael Sánchez ', '3136823088', 'sanchezpazrafael@gmail.com', 'admin123', 1);

-- --------------------------------------------------------

--
-- Table structure for table `usuarioactividad`
--

CREATE TABLE `usuarioactividad` (
  `idUsuarioActividad` int(11) NOT NULL,
  `idActividad` int(11) DEFAULT NULL,
  `idUsuario` int(11) DEFAULT NULL,
  `fechaActividad` date DEFAULT NULL
) ENGINE=InnoDB DEFAULT CHARSET=utf8 COLLATE=utf8_bin;

--
-- Dumping data for table `usuarioactividad`
--

INSERT INTO `usuarioactividad` (`idUsuarioActividad`, `idActividad`, `idUsuario`, `fechaActividad`) VALUES
(1258, 2, 6, '2021-02-06'),
(1259, 1, 6, '2021-02-06'),
(1260, 3, 6, '2021-02-06'),
(1261, 4, 6, '2021-02-06'),
(1262, 1, 6, '2021-02-06'),
(1263, 2, 6, '2021-02-06'),
(1264, 3, 6, '0000-00-00'),
(1265, 4, 6, '2021-02-06'),
(1266, 1, 6, '2021-02-06'),
(1267, 2, 6, '2021-02-06'),
(1268, 3, 6, '2021-02-06'),
(1269, 4, 6, '2021-02-06'),
(1270, 1, 6, '2021-02-06'),
(1271, 2, 6, '2021-02-06'),
(1272, 3, 6, '2021-02-06'),
(1273, 4, 6, '2021-02-06'),
(1274, 1, 6, '2021-02-06'),
(1275, 2, 6, '2021-02-06'),
(1276, 3, 6, '2021-02-06'),
(1277, 4, 6, '2021-02-06'),
(1278, 1, 6, '2021-02-06'),
(1279, 2, 6, '2021-02-06'),
(1280, 3, 6, '2021-02-06'),
(1281, 4, 6, '2021-02-06'),
(1282, 1, 6, '2021-02-06'),
(1283, 2, 6, '2021-02-06'),
(1284, 3, 6, '2021-02-06'),
(1285, 4, 6, '2021-02-06'),
(1286, 1, 6, '2021-02-06'),
(1287, 2, 6, '2021-02-06'),
(1288, 3, 6, '2021-02-06'),
(1289, 4, 6, '2021-02-06'),
(1290, 1, 21, '2021-02-08'),
(1291, 2, 21, '2021-02-08'),
(1292, 3, 21, '2021-02-08'),
(1293, 4, 21, '2021-02-08'),
(1294, 1, 21, '2021-02-08'),
(1295, 2, 21, '2021-02-08'),
(1296, 3, 21, '2021-02-08'),
(1297, 4, 21, '2021-02-08'),
(1298, 1, 21, '2021-02-08'),
(1299, 2, 21, '2021-02-08'),
(1300, 3, 21, '2021-02-08'),
(1301, 4, 21, '2021-02-08'),
(1302, 1, 21, '2021-02-08'),
(1303, 2, 21, '2021-02-08'),
(1304, 3, 21, '2021-02-08'),
(1305, 4, 21, '2021-02-08'),
(1306, 1, 21, '2021-02-08'),
(1307, 2, 21, '2021-02-08'),
(1308, 3, 21, '2021-02-08'),
(1309, 4, 21, '2021-02-08'),
(1310, 1, 21, '2021-02-08'),
(1311, 2, 21, '2021-02-08'),
(1312, 3, 21, '2021-02-08'),
(1313, 4, 21, '2021-02-08'),
(1314, 1, 22, '2021-02-08'),
(1315, 2, 22, '2021-02-08'),
(1316, 3, 22, '2021-02-08'),
(1317, 4, 22, '2021-02-08'),
(1318, 1, 22, '2021-02-08'),
(1319, 2, 22, '2021-02-08'),
(1320, 3, 22, '2021-02-08'),
(1321, 4, 22, '2021-02-08'),
(1322, 1, 22, '2021-02-08'),
(1323, 2, 22, '2021-02-08'),
(1324, 3, 22, '2021-02-08'),
(1325, 4, 22, '2021-02-08'),
(1326, 1, 22, '2021-02-08'),
(1327, 2, 22, '2021-02-08'),
(1328, 3, 22, '2021-02-08'),
(1329, 4, 22, '2021-02-08'),
(1330, 1, 22, '2021-02-08'),
(1331, 2, 22, '2021-02-08'),
(1332, 3, 22, '2021-02-08'),
(1333, 4, 22, '2021-02-08'),
(1334, 1, 22, '2021-02-08'),
(1335, 2, 22, '2021-02-08'),
(1336, 3, 22, '2021-02-08'),
(1337, 4, 22, '2021-02-08'),
(1338, 1, 23, '2021-02-08'),
(1339, 2, 23, '2021-02-08'),
(1340, 3, 23, '2021-02-08'),
(1341, 4, 23, '2021-02-08'),
(1342, 1, 23, '2021-02-08'),
(1343, 2, 23, '2021-02-08'),
(1344, 3, 23, '2021-02-08'),
(1345, 4, 23, '2021-02-08'),
(1346, 1, 23, '2021-02-08'),
(1347, 2, 23, '2021-02-08'),
(1348, 3, 23, '2021-02-08'),
(1349, 4, 23, '2021-02-08'),
(1350, 1, 23, '2021-02-08'),
(1351, 2, 23, '2021-02-08'),
(1352, 3, 23, '2021-02-08'),
(1353, 4, 23, '2021-02-08'),
(1354, 1, 23, '2021-02-08'),
(1355, 2, 23, '2021-02-08'),
(1356, 3, 23, '2021-02-08'),
(1357, 4, 23, '2021-02-08'),
(1358, 1, 23, '2021-02-08'),
(1359, 2, 23, '2021-02-08'),
(1360, 3, 23, '2021-02-08'),
(1361, 4, 23, '2021-02-08'),
(1362, 1, 20, '2021-02-08'),
(1363, 2, 20, '2021-02-08'),
(1364, 3, 20, '2021-02-08'),
(1365, 4, 20, '2021-02-08'),
(1366, 1, 20, '2021-02-08'),
(1367, 2, 20, '2021-02-08'),
(1368, 3, 20, '2021-02-08'),
(1369, 4, 20, '2021-02-08'),
(1370, 1, 20, '2021-02-08'),
(1371, 2, 20, '2021-02-08'),
(1372, 3, 20, '2021-02-08'),
(1373, 4, 20, '2021-02-08'),
(1374, 1, 20, '2021-02-08'),
(1375, 2, 20, '2021-02-08'),
(1376, 3, 20, '2021-02-08'),
(1377, 4, 20, '2021-02-08'),
(1378, 1, 20, '2021-02-08'),
(1379, 2, 20, '2021-02-08'),
(1380, 3, 20, '2021-02-08'),
(1381, 4, 20, '2021-02-08'),
(1382, 1, 20, '2021-02-08'),
(1383, 2, 20, '2021-02-08'),
(1384, 3, 20, '2021-02-08'),
(1385, 4, 20, '2021-02-08'),
(1386, 1, 6, '2021-02-08'),
(1387, 2, 6, '2021-02-08'),
(1388, 3, 6, '2021-02-08'),
(1389, 4, 6, '2021-02-08'),
(1390, 1, 6, '2021-02-08'),
(1391, 2, 6, '2021-02-08'),
(1392, 3, 6, '2021-02-08'),
(1393, 4, 6, '2021-02-08'),
(1394, 1, 6, '2021-02-08'),
(1395, 2, 6, '2021-02-08'),
(1396, 3, 6, '2021-02-08'),
(1397, 4, 6, '2021-02-08'),
(1398, 1, 6, '2021-02-08'),
(1399, 2, 6, '2021-02-08'),
(1400, 3, 6, '2021-02-08'),
(1401, 4, 6, '2021-02-08'),
(1402, 1, 6, '2021-02-08'),
(1403, 2, 6, '2021-02-08'),
(1404, 3, 6, '2021-02-08'),
(1405, 4, 6, '2021-02-08'),
(1406, 1, 6, '2021-02-08'),
(1407, 2, 6, '2021-02-08'),
(1408, 3, 6, '2021-02-08'),
(1409, 4, 6, '2021-02-08'),
(1410, 1, 22, '2021-02-08'),
(1411, 2, 22, '2021-02-08'),
(1412, 3, 22, '2021-02-08'),
(1413, 4, 22, '2021-02-08'),
(1414, 1, 22, '2021-02-08'),
(1415, 2, 22, '2021-02-08'),
(1416, 3, 22, '2021-02-08'),
(1417, 4, 22, '2021-02-08'),
(1418, 1, 22, '2021-02-08'),
(1419, 2, 22, '2021-02-08'),
(1420, 3, 22, '2021-02-08'),
(1421, 4, 22, '2021-02-08'),
(1422, 1, 22, '2021-02-08'),
(1423, 2, 22, '2021-02-08'),
(1424, 3, 22, '2021-02-08'),
(1425, 4, 22, '2021-02-08'),
(1426, 1, 22, '2021-02-08'),
(1427, 2, 22, '2021-02-08'),
(1428, 3, 22, '2021-02-08'),
(1429, 4, 22, '2021-02-08'),
(1430, 1, 22, '2021-02-08'),
(1431, 2, 22, '2021-02-08'),
(1432, 3, 22, '2021-02-08'),
(1433, 4, 22, '2021-02-08'),
(1434, 1, 23, '2021-02-08'),
(1435, 2, 23, '2021-02-08'),
(1436, 3, 23, '2021-02-08'),
(1437, 4, 23, '2021-02-08'),
(1438, 1, 23, '2021-02-08'),
(1439, 2, 23, '2021-02-08'),
(1440, 3, 23, '2021-02-08'),
(1441, 4, 23, '2021-02-08'),
(1442, 1, 23, '2021-02-08'),
(1443, 2, 23, '2021-02-08'),
(1444, 3, 23, '2021-02-08'),
(1445, 4, 23, '2021-02-08'),
(1446, 1, 23, '2021-02-08'),
(1447, 2, 23, '2021-02-08'),
(1448, 3, 23, '2021-02-08'),
(1449, 4, 23, '2021-02-08'),
(1450, 1, 23, '2021-02-08'),
(1451, 2, 23, '2021-02-08'),
(1452, 3, 23, '2021-02-08'),
(1453, 4, 23, '2021-02-08'),
(1454, 1, 23, '2021-02-08'),
(1455, 2, 23, '2021-02-08'),
(1456, 3, 23, '2021-02-08'),
(1457, 4, 23, '2021-02-08'),
(1458, 1, 6, '2021-02-09'),
(1459, 2, 6, '2021-02-09'),
(1460, 3, 6, '2021-02-09'),
(1461, 4, 6, '2021-02-09'),
(1462, 1, 6, '2021-02-09'),
(1463, 2, 6, '2021-02-09'),
(1464, 3, 6, '2021-02-09'),
(1465, 4, 6, '2021-02-09'),
(1466, 1, 6, '2021-02-09'),
(1467, 2, 6, '2021-02-09'),
(1468, 3, 6, '2021-02-09'),
(1469, 4, 6, '2021-02-09'),
(1470, 1, 6, '2021-02-09'),
(1471, 2, 6, '2021-02-09'),
(1472, 3, 6, '2021-02-09'),
(1473, 4, 6, '2021-02-09'),
(1474, 1, 6, '2021-02-09'),
(1475, 2, 6, '2021-02-09'),
(1476, 3, 6, '2021-02-09'),
(1477, 4, 6, '2021-02-09'),
(1478, 1, 6, '2021-02-09'),
(1479, 2, 6, '2021-02-09'),
(1480, 3, 6, '2021-02-09'),
(1481, 4, 6, '2021-02-09'),
(1482, 1, 20, '2021-02-09'),
(1483, 2, 20, '2021-02-09'),
(1484, 3, 20, '2021-02-09'),
(1485, 4, 20, '2021-02-09'),
(1486, 1, 20, '2021-02-09'),
(1487, 2, 20, '2021-02-09'),
(1488, 3, 20, '2021-02-09'),
(1489, 4, 20, '2021-02-09'),
(1490, 1, 20, '2021-02-09'),
(1491, 2, 20, '2021-02-09'),
(1492, 3, 20, '2021-02-09'),
(1493, 4, 20, '2021-02-09'),
(1494, 1, 20, '2021-02-09'),
(1495, 2, 20, '2021-02-09'),
(1496, 3, 20, '2021-02-09'),
(1497, 4, 20, '2021-02-09'),
(1498, 1, 20, '2021-02-09'),
(1499, 2, 20, '2021-02-09'),
(1500, 3, 20, '2021-02-09'),
(1501, 4, 20, '2021-02-09'),
(1502, 1, 20, '2021-02-09'),
(1503, 2, 20, '2021-02-09'),
(1504, 3, 20, '2021-02-09'),
(1505, 4, 20, '2021-02-09'),
(1506, 1, 21, '2021-02-09'),
(1507, 2, 21, '2021-02-09'),
(1508, 3, 21, '2021-02-09'),
(1509, 4, 21, '2021-02-09'),
(1510, 1, 21, '2021-02-09'),
(1511, 2, 21, '2021-02-09'),
(1512, 3, 21, '2021-02-09'),
(1513, 4, 21, '2021-02-09'),
(1514, 1, 21, '2021-02-09'),
(1515, 2, 21, '2021-02-09'),
(1516, 3, 21, '2021-02-09'),
(1517, 4, 21, '2021-02-09'),
(1518, 1, 21, '2021-02-09'),
(1519, 2, 21, '2021-02-09'),
(1520, 3, 21, '2021-02-09'),
(1521, 4, 21, '2021-02-09'),
(1522, 1, 21, '2021-02-09'),
(1523, 2, 21, '2021-02-09'),
(1524, 3, 21, '2021-02-09'),
(1525, 4, 21, '2021-02-09'),
(1526, 1, 21, '2021-02-09'),
(1527, 2, 21, '2021-02-09'),
(1528, 3, 21, '2021-02-09'),
(1529, 4, 21, '2021-02-09'),
(1530, 1, 22, '2021-02-09'),
(1531, 2, 22, '2021-02-09'),
(1532, 3, 22, '2021-02-09'),
(1533, 4, 22, '2021-02-09'),
(1534, 1, 22, '2021-02-09'),
(1535, 2, 22, '2021-02-09'),
(1536, 3, 22, '2021-02-09'),
(1537, 4, 22, '2021-02-09'),
(1538, 1, 22, '2021-02-09'),
(1539, 2, 22, '2021-02-09'),
(1540, 3, 22, '2021-02-09'),
(1541, 4, 22, '2021-02-09'),
(1542, 1, 22, '2021-02-09'),
(1543, 2, 22, '2021-02-09'),
(1544, 3, 22, '2021-02-09'),
(1545, 4, 22, '2021-02-09'),
(1546, 1, 22, '2021-02-09'),
(1547, 2, 22, '2021-02-09'),
(1548, 3, 22, '2021-02-09'),
(1549, 4, 22, '2021-02-09'),
(1550, 1, 22, '2021-02-09'),
(1551, 2, 22, '2021-02-09'),
(1552, 3, 22, '2021-02-09'),
(1553, 4, 22, '2021-02-09'),
(1554, 1, 23, '2021-02-09'),
(1555, 2, 23, '2021-02-09'),
(1556, 3, 23, '2021-02-09'),
(1557, 4, 23, '2021-02-09'),
(1558, 1, 23, '2021-02-09'),
(1559, 2, 23, '2021-02-09'),
(1560, 3, 23, '2021-02-09'),
(1561, 4, 23, '2021-02-09'),
(1562, 1, 23, '2021-02-09'),
(1563, 2, 23, '2021-02-09'),
(1564, 3, 23, '2021-02-09'),
(1565, 4, 23, '2021-02-09'),
(1566, 1, 23, '2021-02-09'),
(1567, 2, 23, '2021-02-09'),
(1568, 3, 23, '2021-02-09'),
(1569, 4, 23, '2021-02-09'),
(1570, 1, 23, '2021-02-09'),
(1571, 2, 23, '2021-02-09'),
(1572, 3, 23, '2021-02-09'),
(1573, 4, 23, '2021-02-09'),
(1574, 1, 23, '2021-02-09'),
(1575, 2, 23, '2021-02-09'),
(1576, 3, 23, '2021-02-09'),
(1577, 4, 23, '2021-02-09'),
(1578, 1, 6, '2021-02-23'),
(1579, 2, 6, '2021-02-23'),
(1580, 3, 6, '2021-02-23'),
(1581, 4, 6, '2021-02-23'),
(1582, 1, 6, '2021-02-23'),
(1583, 2, 6, '2021-02-23'),
(1584, 3, 6, '2021-02-23'),
(1585, 4, 6, '2021-02-23'),
(1586, 1, 6, '2021-02-23'),
(1587, 2, 6, '2021-02-23'),
(1588, 3, 6, '2021-02-23'),
(1589, 4, 6, '2021-02-23'),
(1590, 1, 6, '2021-02-23'),
(1591, 2, 6, '2021-02-23'),
(1592, 3, 6, '2021-02-23'),
(1593, 4, 6, '2021-02-23'),
(1594, 1, 6, '2021-02-23'),
(1595, 2, 6, '2021-02-23'),
(1596, 3, 6, '2021-02-23'),
(1597, 4, 6, '2021-02-23'),
(1598, 1, 6, '2021-02-23'),
(1599, 2, 6, '2021-02-23'),
(1600, 3, 6, '2021-02-23'),
(1601, 4, 6, '2021-02-23'),
(1602, 1, 20, '2021-02-23'),
(1603, 2, 20, '2021-02-23'),
(1604, 3, 20, '2021-02-23'),
(1605, 4, 20, '2021-02-23'),
(1606, 1, 20, '2021-02-23'),
(1607, 2, 20, '2021-02-23'),
(1608, 3, 20, '2021-02-23'),
(1609, 4, 20, '2021-02-23'),
(1610, 1, 20, '2021-02-23'),
(1611, 2, 20, '2021-02-23'),
(1612, 3, 20, '2021-02-23'),
(1613, 4, 20, '2021-02-23'),
(1614, 1, 20, '2021-02-23'),
(1615, 2, 20, '2021-02-23'),
(1616, 3, 20, '2021-02-23'),
(1617, 4, 20, '2021-02-23'),
(1618, 1, 20, '2021-02-23'),
(1619, 2, 20, '2021-02-23'),
(1620, 3, 20, '2021-02-23'),
(1621, 4, 20, '2021-02-23'),
(1622, 1, 20, '2021-02-23'),
(1623, 2, 20, '2021-02-23'),
(1624, 3, 20, '2021-02-23'),
(1625, 4, 20, '2021-02-23'),
(1626, 1, 21, '2021-02-23'),
(1627, 2, 21, '2021-02-23'),
(1628, 3, 21, '2021-02-23'),
(1629, 4, 21, '2021-02-23'),
(1630, 1, 21, '2021-02-23'),
(1631, 2, 21, '2021-02-23'),
(1632, 3, 21, '2021-02-23'),
(1633, 4, 21, '2021-02-23'),
(1634, 1, 21, '2021-02-23'),
(1635, 2, 21, '2021-02-23'),
(1636, 3, 21, '2021-02-23'),
(1637, 4, 21, '2021-02-23'),
(1638, 1, 21, '2021-02-23'),
(1639, 2, 21, '2021-02-23'),
(1640, 3, 21, '2021-02-23'),
(1641, 4, 21, '2021-02-23'),
(1642, 1, 21, '2021-02-23'),
(1643, 2, 21, '2021-02-23'),
(1644, 3, 21, '2021-02-23'),
(1645, 4, 21, '2021-02-23'),
(1646, 1, 21, '2021-02-23'),
(1647, 2, 21, '2021-02-23'),
(1648, 3, 21, '2021-02-23'),
(1649, 4, 21, '2021-02-23'),
(1650, 1, 22, '2021-02-23'),
(1651, 2, 22, '2021-02-23'),
(1652, 3, 22, '2021-02-23'),
(1653, 4, 22, '2021-02-23'),
(1654, 1, 22, '2021-02-23'),
(1655, 2, 22, '2021-02-23'),
(1656, 3, 22, '2021-02-23'),
(1657, 4, 22, '2021-02-23'),
(1658, 1, 22, '2021-02-23'),
(1659, 2, 22, '2021-02-23'),
(1660, 3, 22, '2021-02-23'),
(1661, 4, 22, '2021-02-23'),
(1662, 1, 22, '2021-02-23'),
(1663, 2, 22, '2021-02-23'),
(1664, 3, 22, '2021-02-23'),
(1665, 4, 22, '2021-02-23'),
(1666, 1, 22, '2021-02-23'),
(1667, 2, 22, '2021-02-23'),
(1668, 3, 22, '2021-02-23'),
(1669, 4, 22, '2021-02-23'),
(1670, 1, 22, '2021-02-23'),
(1671, 2, 22, '2021-02-23'),
(1672, 3, 22, '2021-02-23'),
(1673, 4, 22, '2021-02-23'),
(1674, 1, 23, '2021-02-23'),
(1675, 2, 23, '2021-02-23'),
(1676, 3, 23, '2021-02-23'),
(1677, 4, 23, '2021-02-23'),
(1678, 1, 23, '2021-02-23'),
(1679, 2, 23, '2021-02-23'),
(1680, 3, 23, '2021-02-23'),
(1681, 4, 23, '2021-02-23'),
(1682, 1, 23, '2021-02-23'),
(1683, 2, 23, '2021-02-23'),
(1684, 3, 23, '2021-02-23'),
(1685, 4, 23, '2021-02-23'),
(1686, 1, 23, '2021-02-23'),
(1687, 2, 23, '2021-02-23'),
(1688, 3, 23, '2021-02-23'),
(1689, 4, 23, '2021-02-23'),
(1690, 1, 23, '2021-02-23'),
(1691, 2, 23, '2021-02-23'),
(1692, 3, 23, '2021-02-23'),
(1693, 4, 23, '2021-02-23'),
(1694, 1, 23, '2021-02-23'),
(1695, 2, 23, '2021-02-23'),
(1696, 3, 23, '2021-02-23'),
(1697, 4, 23, '2021-02-23'),
(1698, 1, 6, '2021-03-02'),
(1699, 2, 6, '2021-03-02'),
(1700, 3, 6, '2021-03-02'),
(1701, 4, 6, '2021-03-02'),
(1702, 1, 6, '2021-03-02'),
(1703, 2, 6, '2021-03-02'),
(1704, 3, 6, '2021-03-02'),
(1705, 4, 6, '2021-03-02'),
(1706, 1, 6, '2021-03-02'),
(1707, 2, 6, '2021-03-02'),
(1708, 3, 6, '2021-03-02'),
(1709, 4, 6, '2021-03-02'),
(1710, 1, 6, '2021-03-02'),
(1711, 2, 6, '2021-03-02'),
(1712, 3, 6, '2021-03-02'),
(1713, 4, 6, '2021-03-02'),
(1714, 1, 6, '2021-03-02'),
(1715, 2, 6, '2021-03-02'),
(1716, 3, 6, '2021-03-02'),
(1717, 4, 6, '2021-03-02'),
(1718, 1, 6, '2021-03-02'),
(1719, 2, 6, '2021-03-02'),
(1720, 3, 6, '2021-03-02'),
(1721, 4, 6, '2021-03-02'),
(1722, 1, 6, '2021-03-02'),
(1723, 2, 6, '2021-03-02'),
(1724, 3, 6, '2021-03-02'),
(1725, 4, 6, '2021-03-02'),
(1726, 1, 6, '2021-03-02'),
(1727, 2, 6, '2021-03-02'),
(1728, 3, 6, '2021-03-02'),
(1729, 4, 6, '2021-03-02'),
(1730, 1, 6, '2021-03-02'),
(1731, 2, 6, '2021-03-02'),
(1732, 3, 6, '2021-03-02'),
(1733, 4, 6, '2021-03-02'),
(1734, 1, 6, '2021-03-02'),
(1735, 2, 6, '2021-03-02'),
(1736, 3, 6, '2021-03-02'),
(1737, 4, 6, '2021-03-02'),
(1738, 1, 6, '2021-03-02'),
(1739, 2, 6, '2021-03-02'),
(1740, 3, 6, '2021-03-02'),
(1741, 4, 6, '2021-03-02'),
(1742, 1, 6, '2021-03-02'),
(1743, 2, 6, '2021-03-02'),
(1744, 3, 6, '2021-03-02'),
(1745, 4, 6, '2021-03-02'),
(1746, 1, 6, '2021-03-02'),
(1747, 2, 6, '2021-03-02'),
(1748, 3, 6, '2021-03-02'),
(1749, 4, 6, '2021-03-02'),
(1750, 1, 6, '2021-03-02'),
(1751, 2, 6, '2021-03-02'),
(1752, 3, 6, '2021-03-02'),
(1753, 4, 6, '2021-03-02'),
(1754, 1, 6, '2021-03-02'),
(1755, 2, 6, '2021-03-02'),
(1756, 3, 6, '2021-03-02'),
(1757, 4, 6, '2021-03-02'),
(1758, 1, 6, '2021-03-02'),
(1759, 2, 6, '2021-03-02'),
(1760, 3, 6, '2021-03-02'),
(1761, 4, 6, '2021-03-02'),
(1762, 1, 6, '2021-03-02'),
(1763, 2, 6, '2021-03-02'),
(1764, 3, 6, '2021-03-02'),
(1765, 4, 6, '2021-03-02'),
(1766, 1, 6, '2021-03-02'),
(1767, 2, 6, '2021-03-02'),
(1768, 3, 6, '2021-03-02'),
(1769, 4, 6, '2021-03-02'),
(1770, 1, 6, '2021-03-03'),
(1771, 2, 6, '2021-03-03'),
(1772, 3, 6, '2021-03-03'),
(1773, 4, 6, '2021-03-03'),
(1774, 1, 6, '2021-03-03'),
(1775, 2, 6, '2021-03-03'),
(1776, 3, 6, '2021-03-03'),
(1777, 4, 6, '2021-03-03'),
(1778, 1, 6, '2021-03-03'),
(1779, 2, 6, '2021-03-03'),
(1780, 3, 6, '2021-03-03'),
(1781, 4, 6, '2021-03-03'),
(1782, 1, 6, '2021-03-03'),
(1783, 2, 6, '2021-03-03'),
(1784, 3, 6, '2021-03-03'),
(1785, 4, 6, '2021-03-03'),
(1786, 1, 6, '2021-03-03'),
(1787, 2, 6, '2021-03-03'),
(1788, 3, 6, '2021-03-03'),
(1789, 4, 6, '2021-03-03'),
(1790, 1, 6, '2021-03-03'),
(1791, 2, 6, '2021-03-03'),
(1792, 3, 6, '2021-03-03'),
(1793, 4, 6, '2021-03-03'),
(1794, 1, 20, '2021-03-03'),
(1795, 2, 20, '2021-03-03'),
(1796, 3, 20, '2021-03-03'),
(1797, 4, 20, '2021-03-03'),
(1798, 1, 20, '2021-03-03'),
(1799, 2, 20, '2021-03-03'),
(1800, 3, 20, '2021-03-03'),
(1801, 4, 20, '2021-03-03'),
(1802, 1, 20, '2021-03-03'),
(1803, 2, 20, '2021-03-03'),
(1804, 3, 20, '2021-03-03'),
(1805, 4, 20, '2021-03-03'),
(1806, 1, 20, '2021-03-03'),
(1807, 2, 20, '2021-03-03'),
(1808, 3, 20, '2021-03-03'),
(1809, 4, 20, '2021-03-03'),
(1810, 1, 20, '2021-03-03'),
(1811, 2, 20, '2021-03-03'),
(1812, 3, 20, '2021-03-03'),
(1813, 4, 20, '2021-03-03'),
(1814, 1, 20, '2021-03-03'),
(1815, 2, 20, '2021-03-03'),
(1816, 3, 20, '2021-03-03'),
(1817, 4, 20, '2021-03-03'),
(1818, 1, 21, '2021-03-03'),
(1819, 2, 21, '2021-03-03'),
(1820, 3, 21, '2021-03-03'),
(1821, 4, 21, '2021-03-03'),
(1822, 1, 21, '2021-03-03'),
(1823, 2, 21, '2021-03-03'),
(1824, 3, 21, '2021-03-03'),
(1825, 4, 21, '2021-03-03'),
(1826, 1, 21, '2021-03-03'),
(1827, 2, 21, '2021-03-03'),
(1828, 3, 21, '2021-03-03'),
(1829, 4, 21, '2021-03-03'),
(1830, 1, 21, '2021-03-03'),
(1831, 2, 21, '2021-03-03'),
(1832, 3, 21, '2021-03-03'),
(1833, 4, 21, '2021-03-03'),
(1834, 1, 21, '2021-03-03'),
(1835, 2, 21, '2021-03-03'),
(1836, 3, 21, '2021-03-03'),
(1837, 4, 21, '2021-03-03'),
(1838, 1, 21, '2021-03-03'),
(1839, 2, 21, '2021-03-03'),
(1840, 3, 21, '2021-03-03'),
(1841, 4, 21, '2021-03-03'),
(1842, 1, 22, '2021-03-03'),
(1843, 2, 22, '2021-03-03'),
(1844, 3, 22, '2021-03-03'),
(1845, 4, 22, '2021-03-03'),
(1846, 1, 22, '2021-03-03'),
(1847, 2, 22, '2021-03-03'),
(1848, 3, 22, '2021-03-03'),
(1849, 4, 22, '2021-03-03'),
(1850, 1, 22, '2021-03-03'),
(1851, 2, 22, '2021-03-03'),
(1852, 3, 22, '2021-03-03'),
(1853, 4, 22, '2021-03-03'),
(1854, 1, 22, '2021-03-03'),
(1855, 2, 22, '2021-03-03'),
(1856, 3, 22, '2021-03-03'),
(1857, 4, 22, '2021-03-03'),
(1858, 1, 22, '2021-03-03'),
(1859, 2, 22, '2021-03-03'),
(1860, 3, 22, '2021-03-03'),
(1861, 4, 22, '2021-03-03'),
(1862, 1, 22, '2021-03-03'),
(1863, 2, 22, '2021-03-03'),
(1864, 3, 22, '2021-03-03'),
(1865, 4, 22, '2021-03-03'),
(1866, 1, 23, '2021-03-03'),
(1867, 2, 23, '2021-03-03'),
(1868, 3, 23, '2021-03-03'),
(1869, 4, 23, '2021-03-03'),
(1870, 1, 23, '2021-03-03'),
(1871, 2, 23, '2021-03-03'),
(1872, 3, 23, '2021-03-03'),
(1873, 4, 23, '2021-03-03'),
(1874, 1, 23, '2021-03-03'),
(1875, 2, 23, '2021-03-03'),
(1876, 3, 23, '2021-03-03'),
(1877, 4, 23, '2021-03-03'),
(1878, 1, 23, '2021-03-03'),
(1879, 2, 23, '2021-03-03'),
(1880, 3, 23, '2021-03-03'),
(1881, 4, 23, '2021-03-03'),
(1882, 1, 23, '2021-03-03'),
(1883, 2, 23, '2021-03-03'),
(1884, 3, 23, '2021-03-03'),
(1885, 4, 23, '2021-03-03'),
(1886, 1, 23, '2021-03-03'),
(1887, 2, 23, '2021-03-03'),
(1888, 3, 23, '2021-03-03'),
(1889, 4, 23, '2021-03-03'),
(1890, 1, 6, '2021-03-15'),
(1891, 2, 6, '2021-03-15'),
(1892, 3, 6, '2021-03-15'),
(1893, 4, 6, '2021-03-15'),
(1894, 1, 6, '2021-03-15'),
(1895, 2, 6, '2021-03-15'),
(1896, 3, 6, '2021-03-15'),
(1897, 4, 6, '2021-03-15'),
(1898, 1, 6, '2021-03-15'),
(1899, 2, 6, '2021-03-15'),
(1900, 3, 6, '2021-03-15'),
(1901, 4, 6, '2021-03-15'),
(1902, 1, 6, '2021-03-15'),
(1903, 2, 6, '2021-03-15'),
(1904, 3, 6, '2021-03-15'),
(1905, 4, 6, '2021-03-15'),
(1906, 1, 6, '2021-03-15'),
(1907, 2, 6, '2021-03-15'),
(1908, 3, 6, '2021-03-15'),
(1909, 4, 6, '2021-03-15'),
(1910, 1, 6, '2021-03-15'),
(1911, 2, 6, '2021-03-15'),
(1912, 3, 6, '2021-03-15'),
(1913, 4, 6, '2021-03-15'),
(1914, 1, 20, '2021-03-15'),
(1915, 2, 20, '2021-03-15'),
(1916, 3, 20, '2021-03-15'),
(1917, 4, 20, '2021-03-15'),
(1918, 1, 20, '2021-03-15'),
(1919, 2, 20, '2021-03-15'),
(1920, 3, 20, '2021-03-15'),
(1921, 4, 20, '2021-03-15'),
(1922, 1, 20, '2021-03-15'),
(1923, 2, 20, '2021-03-15'),
(1924, 3, 20, '2021-03-15'),
(1925, 4, 20, '2021-03-15'),
(1926, 1, 20, '2021-03-15'),
(1927, 2, 20, '2021-03-15'),
(1928, 3, 20, '2021-03-15'),
(1929, 4, 20, '2021-03-15'),
(1930, 1, 20, '2021-03-15'),
(1931, 2, 20, '2021-03-15'),
(1932, 3, 20, '2021-03-15'),
(1933, 4, 20, '2021-03-15'),
(1934, 1, 20, '2021-03-15'),
(1935, 2, 20, '2021-03-15'),
(1936, 3, 20, '2021-03-15'),
(1937, 4, 20, '2021-03-15'),
(1938, 1, 21, '2021-03-15'),
(1939, 2, 21, '2021-03-15'),
(1940, 3, 21, '2021-03-15'),
(1941, 4, 21, '2021-03-15'),
(1942, 1, 21, '2021-03-15'),
(1943, 2, 21, '2021-03-15'),
(1944, 3, 21, '2021-03-15'),
(1945, 4, 21, '2021-03-15'),
(1946, 1, 21, '2021-03-15'),
(1947, 2, 21, '2021-03-15'),
(1948, 3, 21, '2021-03-15'),
(1949, 4, 21, '2021-03-15'),
(1950, 1, 21, '2021-03-15'),
(1951, 2, 21, '2021-03-15'),
(1952, 3, 21, '2021-03-15'),
(1953, 4, 21, '2021-03-15'),
(1954, 1, 21, '2021-03-15'),
(1955, 2, 21, '2021-03-15'),
(1956, 3, 21, '2021-03-15'),
(1957, 4, 21, '2021-03-15'),
(1958, 1, 21, '2021-03-15'),
(1959, 2, 21, '2021-03-15'),
(1960, 3, 21, '2021-03-15'),
(1961, 4, 21, '2021-03-15'),
(1962, 1, 22, '2021-03-15'),
(1963, 2, 22, '2021-03-15'),
(1964, 3, 22, '2021-03-15'),
(1965, 4, 22, '2021-03-15'),
(1966, 1, 22, '2021-03-15'),
(1967, 2, 22, '2021-03-15'),
(1968, 3, 22, '2021-03-15'),
(1969, 4, 22, '2021-03-15'),
(1970, 1, 22, '2021-03-15'),
(1971, 2, 22, '2021-03-15'),
(1972, 3, 22, '2021-03-15'),
(1973, 4, 22, '2021-03-15'),
(1974, 1, 22, '2021-03-15'),
(1975, 2, 22, '2021-03-15'),
(1976, 3, 22, '2021-03-15'),
(1977, 4, 22, '2021-03-15'),
(1978, 1, 22, '2021-03-15'),
(1979, 2, 22, '2021-03-15'),
(1980, 3, 22, '2021-03-15'),
(1981, 4, 22, '2021-03-15'),
(1982, 1, 22, '2021-03-15'),
(1983, 2, 22, '2021-03-15'),
(1984, 3, 22, '2021-03-15'),
(1985, 4, 22, '2021-03-15'),
(1986, 1, 23, '2021-03-15'),
(1987, 2, 23, '2021-03-15'),
(1988, 3, 23, '2021-03-15'),
(1989, 4, 23, '2021-03-15'),
(1990, 1, 23, '2021-03-15'),
(1991, 2, 23, '2021-03-15'),
(1992, 3, 23, '2021-03-15'),
(1993, 4, 23, '2021-03-15'),
(1994, 1, 23, '2021-03-15'),
(1995, 2, 23, '2021-03-15'),
(1996, 3, 23, '2021-03-15'),
(1997, 4, 23, '2021-03-15'),
(1998, 1, 23, '2021-03-15'),
(1999, 2, 23, '2021-03-15'),
(2000, 3, 23, '2021-03-15'),
(2001, 4, 23, '2021-03-15'),
(2002, 1, 23, '2021-03-15'),
(2003, 2, 23, '2021-03-15'),
(2004, 3, 23, '2021-03-15'),
(2005, 4, 23, '2021-03-15'),
(2006, 1, 23, '2021-03-15'),
(2007, 2, 23, '2021-03-15'),
(2008, 3, 23, '2021-03-15'),
(2009, 4, 23, '2021-03-15');

--
-- Indexes for dumped tables
--

--
-- Indexes for table `actividad`
--
ALTER TABLE `actividad`
  ADD PRIMARY KEY (`idActividad`),
  ADD KEY `idTipoActividad` (`idTipoActividad`);

--
-- Indexes for table `actividadesfinalizadas`
--
ALTER TABLE `actividadesfinalizadas`
  ADD PRIMARY KEY (`idActividadFinalizada`),
  ADD KEY `idUsuarioActividad` (`idUsuarioActividad`);

--
-- Indexes for table `catalogopremios`
--
ALTER TABLE `catalogopremios`
  ADD PRIMARY KEY (`idCatalogoPremio`);

--
-- Indexes for table `imagenactividad`
--
ALTER TABLE `imagenactividad`
  ADD PRIMARY KEY (`idImagenActividad`),
  ADD KEY `idActividad` (`idActividad`);

--
-- Indexes for table `imagenpuzzle`
--
ALTER TABLE `imagenpuzzle`
  ADD PRIMARY KEY (`idImagenPuzzle`),
  ADD KEY `idActividad` (`idActividad`);

--
-- Indexes for table `palabraactividad`
--
ALTER TABLE `palabraactividad`
  ADD PRIMARY KEY (`idPalabraActividad`),
  ADD KEY `idActividad` (`idActividad`);

--
-- Indexes for table `preguntaseleccionmultiple`
--
ALTER TABLE `preguntaseleccionmultiple`
  ADD PRIMARY KEY (`idPregunta`),
  ADD KEY `idActividad` (`idActividad`);

--
-- Indexes for table `puntostotalesusuario`
--
ALTER TABLE `puntostotalesusuario`
  ADD PRIMARY KEY (`idPuntosUsuario`),
  ADD KEY `idUsuario` (`idUsuario`);

--
-- Indexes for table `respuestapregunta`
--
ALTER TABLE `respuestapregunta`
  ADD PRIMARY KEY (`idRespuesta`),
  ADD KEY `idPregunta` (`idPregunta`);

--
-- Indexes for table `tipoactividad`
--
ALTER TABLE `tipoactividad`
  ADD PRIMARY KEY (`idTipoActividad`);

--
-- Indexes for table `usuario`
--
ALTER TABLE `usuario`
  ADD PRIMARY KEY (`idUsuario`);

--
-- Indexes for table `usuarioactividad`
--
ALTER TABLE `usuarioactividad`
  ADD PRIMARY KEY (`idUsuarioActividad`),
  ADD KEY `idActividad` (`idActividad`),
  ADD KEY `idUsuario` (`idUsuario`);

--
-- AUTO_INCREMENT for dumped tables
--

--
-- AUTO_INCREMENT for table `actividad`
--
ALTER TABLE `actividad`
  MODIFY `idActividad` int(11) NOT NULL AUTO_INCREMENT, AUTO_INCREMENT=6;

--
-- AUTO_INCREMENT for table `actividadesfinalizadas`
--
ALTER TABLE `actividadesfinalizadas`
  MODIFY `idActividadFinalizada` int(11) NOT NULL AUTO_INCREMENT, AUTO_INCREMENT=419;

--
-- AUTO_INCREMENT for table `catalogopremios`
--
ALTER TABLE `catalogopremios`
  MODIFY `idCatalogoPremio` int(11) NOT NULL AUTO_INCREMENT, AUTO_INCREMENT=22;

--
-- AUTO_INCREMENT for table `imagenactividad`
--
ALTER TABLE `imagenactividad`
  MODIFY `idImagenActividad` int(11) NOT NULL AUTO_INCREMENT, AUTO_INCREMENT=6;

--
-- AUTO_INCREMENT for table `imagenpuzzle`
--
ALTER TABLE `imagenpuzzle`
  MODIFY `idImagenPuzzle` int(11) NOT NULL AUTO_INCREMENT, AUTO_INCREMENT=47;

--
-- AUTO_INCREMENT for table `palabraactividad`
--
ALTER TABLE `palabraactividad`
  MODIFY `idPalabraActividad` int(11) NOT NULL AUTO_INCREMENT, AUTO_INCREMENT=8;

--
-- AUTO_INCREMENT for table `preguntaseleccionmultiple`
--
ALTER TABLE `preguntaseleccionmultiple`
  MODIFY `idPregunta` int(11) NOT NULL AUTO_INCREMENT, AUTO_INCREMENT=11;

--
-- AUTO_INCREMENT for table `puntostotalesusuario`
--
ALTER TABLE `puntostotalesusuario`
  MODIFY `idPuntosUsuario` int(11) NOT NULL AUTO_INCREMENT;

--
-- AUTO_INCREMENT for table `respuestapregunta`
--
ALTER TABLE `respuestapregunta`
  MODIFY `idRespuesta` int(11) NOT NULL AUTO_INCREMENT, AUTO_INCREMENT=30;

--
-- AUTO_INCREMENT for table `tipoactividad`
--
ALTER TABLE `tipoactividad`
  MODIFY `idTipoActividad` int(11) NOT NULL AUTO_INCREMENT, AUTO_INCREMENT=5;

--
-- AUTO_INCREMENT for table `usuario`
--
ALTER TABLE `usuario`
  MODIFY `idUsuario` int(11) NOT NULL AUTO_INCREMENT, AUTO_INCREMENT=25;

--
-- AUTO_INCREMENT for table `usuarioactividad`
--
ALTER TABLE `usuarioactividad`
  MODIFY `idUsuarioActividad` int(11) NOT NULL AUTO_INCREMENT, AUTO_INCREMENT=2010;

--
-- Constraints for dumped tables
--

--
-- Constraints for table `actividad`
--
ALTER TABLE `actividad`
  ADD CONSTRAINT `actividad_ibfk_1` FOREIGN KEY (`idTipoActividad`) REFERENCES `tipoactividad` (`idTipoActividad`);

--
-- Constraints for table `actividadesfinalizadas`
--
ALTER TABLE `actividadesfinalizadas`
  ADD CONSTRAINT `actividadesfinalizadas_ibfk_1` FOREIGN KEY (`idUsuarioActividad`) REFERENCES `usuarioactividad` (`idUsuarioActividad`);

--
-- Constraints for table `imagenactividad`
--
ALTER TABLE `imagenactividad`
  ADD CONSTRAINT `imagenactividad_ibfk_1` FOREIGN KEY (`idActividad`) REFERENCES `actividad` (`idActividad`);

--
-- Constraints for table `imagenpuzzle`
--
ALTER TABLE `imagenpuzzle`
  ADD CONSTRAINT `imagenpuzzle_ibfk_1` FOREIGN KEY (`idActividad`) REFERENCES `actividad` (`idActividad`);

--
-- Constraints for table `palabraactividad`
--
ALTER TABLE `palabraactividad`
  ADD CONSTRAINT `palabraactividad_ibfk_1` FOREIGN KEY (`idActividad`) REFERENCES `actividad` (`idActividad`);

--
-- Constraints for table `preguntaseleccionmultiple`
--
ALTER TABLE `preguntaseleccionmultiple`
  ADD CONSTRAINT `preguntaseleccionmultiple_ibfk_1` FOREIGN KEY (`idActividad`) REFERENCES `actividad` (`idActividad`);

--
-- Constraints for table `puntostotalesusuario`
--
ALTER TABLE `puntostotalesusuario`
  ADD CONSTRAINT `puntostotalesusuario_ibfk_1` FOREIGN KEY (`idUsuario`) REFERENCES `usuario` (`idUsuario`);

--
-- Constraints for table `respuestapregunta`
--
ALTER TABLE `respuestapregunta`
  ADD CONSTRAINT `respuestapregunta_ibfk_1` FOREIGN KEY (`idPregunta`) REFERENCES `preguntaseleccionmultiple` (`idPregunta`);

--
-- Constraints for table `usuarioactividad`
--
ALTER TABLE `usuarioactividad`
  ADD CONSTRAINT `usuarioactividad_ibfk_1` FOREIGN KEY (`idActividad`) REFERENCES `actividad` (`idActividad`),
  ADD CONSTRAINT `usuarioactividad_ibfk_2` FOREIGN KEY (`idUsuario`) REFERENCES `usuario` (`idUsuario`);
COMMIT;

/*!40101 SET CHARACTER_SET_CLIENT=@OLD_CHARACTER_SET_CLIENT */;
/*!40101 SET CHARACTER_SET_RESULTS=@OLD_CHARACTER_SET_RESULTS */;
/*!40101 SET COLLATION_CONNECTION=@OLD_COLLATION_CONNECTION */;
